deadShareStockResidualRaw,deadShareUsdgResidualRaw,profile,stockOutRaw,ticker,usdgOutRaw
1000000000000,173,no_exercise,16687803824510802241,META,2876952945
1000000000000,0,no_fill,16687803824510802241,META,0
0,653,physical,0,META,10896682695
0,654,premium_reinvest,0,META,10904981484
0,581,wheel,0,META,9689463787
1000000000000,40,no_exercise,72301352310789545790,NVDA,2857176387
1000000000000,0,no_fill,72301352310789545790,NVDA,0
0,130,physical,0,NVDA,9366210601
0,130,premium_reinvest,0,NVDA,9358948944
0,136,wheel,0,NVDA,9767439104
1000000000000,92,no_exercise,26365744708094836964,TSLA,2419625199
1000000000000,0,no_fill,26365744708094836964,TSLA,0
0,419,physical,0,TSLA,11037149533
0,419,premium_reinvest,0,TSLA,11021535495
731842031171,2,wheel,19295560160496608365,TSLA,32723816
955676166547,4,wheel_premium100,25197113830776610629,TSLA,85464814
640065750796,1,wheel_premium25,16875810181862272135,TSLA,20048041
