executionCostAtTradeMarkUsdgRaw,index,profile,receivedStockRaw,spentUsdgRaw,ticker
171430,5,premium_reinvest,92507112582777253,57142858,META
154939,10,premium_reinvest,84029829069467236,51645898,META
154934,14,premium_reinvest,79521178360935169,51644100,META
171430,5,premium_reinvest,419184956705047888,57142858,NVDA
148179,10,premium_reinvest,357595444052970520,49392649,NVDA
150880,14,premium_reinvest,351577841226334772,50292909,NVDA
157011,19,premium_reinvest,434576964559997160,52336666,NVDA
132969,24,premium_reinvest,340337255434645370,44322356,NVDA
171430,5,premium_reinvest,144326469093756910,57142858,TSLA
156892,10,premium_reinvest,122250872215709261,52296888,TSLA
3585,33,premium_reinvest,3525494502801325,1194496,TSLA
