ticker,profile,observations,settledCheckpoints,initialAssetsUsdg,terminalSettledAssetsUsdg,terminalSettledAssetsChangePercent,stockCloseChangePercent,checkpointDrawdownPercent,premiumReceivedUsdg,settledOptionPnlUsdg,reinvestmentExecutionCostUsdg,writerTerminalDeltaVersusStockHoldUsdg,counterpartyTerminalDeltaVersusInitialHoldUsdg,poolTerminalDeltaVersusInitialHoldUsdg,terminalWriterCashUsdg,terminalWriterStock,fills,assignments,lapses,netSettlements,calls,puts,cancellations,terminalHasUnsettledOption
META,netshare,250,53,9999.999999,11167.919544,11.6791954512,10.1545353485,29.1369322672,2507.431653,273.162907,0,152.46601,-152.46601,0,2507.431653,13.120161704452886529,52,0,0,10,52,0,0,False
META,no_exercise,250,53,9999.999999,13892.406652,38.9240665339,10.1545353485,27.6938471115,2876.953118,2876.953118,0,2876.953118,-2876.953118,0,2876.953118,16.687804824510802241,52,0,10,0,52,0,0,False
META,no_fill,250,250,9999.999999,11015.453534,10.154535351,10.1545353485,34.2093454439,0,0,0,0,0,0,0,16.687804824510802241,0,0,0,0,52,0,52,False
META,physical,250,239,9999.999999,10896.683348,8.9668334909,10.1545353485,0.0019697529,159.607527,91.496766,0,-118.770186,118.770187,0,10896.683348,0,3,1,0,0,3,0,0,False
META,premium_reinvest,250,235,9999.999999,10904.982138,9.0498213909,10.1545353485,0.0034799571,160.690174,91.118104,0.481303,-110.471396,119.059952,-8.588555,10904.982138,0,4,2,0,0,4,0,0,False
META,wheel,250,53,9999.999999,9689.464368,-3.1053563103,10.1545353485,24.6692350424,2610.869161,325.937988,0,-1325.989166,1325.989167,0,9689.464368,0,52,7,0,0,15,37,0,False
NVDA,netshare,250,53,9999.999999,10934.471998,9.3447199909,34.8420239246,35.7757873028,2156.899323,-1200.312921,0,-2549.730394,2549.730394,0,2156.899323,47.064732845904501349,52,0,0,12,52,0,0,False
NVDA,no_exercise,250,53,9999.999999,16341.378819,63.4137882063,34.8420239246,29.0611284386,2857.176427,2857.176427,0,2857.176427,-2857.176427,0,2857.176427,72.30135331078954579,52,0,12,0,52,0,0,False
NVDA,no_fill,250,250,9999.999999,13484.202392,34.8420239335,34.8420239246,36.8868351844,0,0,0,0,0,0,0,72.30135331078954579,0,0,0,0,52,0,52,False
NVDA,physical,250,231,9999.999999,9366.210731,-6.3378926806,34.8420239246,15.083290957,250.926064,-21.396718,0,-4117.991661,4117.991662,0,9366.210731,0,5,1,0,0,5,0,0,False
NVDA,premium_reinvest,250,227,9999.999999,9358.949074,-6.4105092506,34.8420239246,15.3129920972,253.708275,-25.358267,0.760469,-4125.253318,4226.726195,-101.472876,9358.949074,0,6,2,0,0,6,0,0,False
NVDA,wheel,250,53,9999.999999,9767.43924,-2.3256075902,34.8420239246,26.9808815979,2396.17129,-325.514333,0,-3716.763152,3716.763153,0,9767.43924,0,52,9,0,0,17,35,0,False
TSLA,netshare,250,53,9999.999999,8888.271978,-11.1172802111,18.5720319201,39.7486375965,1852.53198,-1892.156414,0,-2968.931214,2968.931214,0,1852.53198,15.644712218763620649,52,0,0,15,52,0,0,False
TSLA,no_exercise,250,53,9999.999999,14276.828483,42.7682848443,18.5720319201,39.2592198379,2419.625291,2419.625291,0,2419.625291,-2419.625291,0,2419.625291,26.365745708094836964,52,0,15,0,52,0,0,False
TSLA,no_fill,250,250,9999.999999,11857.203192,18.5720319319,18.5720319201,48.1901826281,0,0,0,0,0,0,0,26.365745708094836964,0,0,0,0,52,0,52,False
TSLA,physical,250,242,9999.999999,11037.149952,10.371499531,18.5720319201,0,109.155031,-207.840592,0,-820.05324,820.05324,0,11037.149952,0,2,1,0,0,2,0,0,False
TSLA,premium_reinvest,250,204,9999.999999,11021.535914,10.215359151,18.5720319201,0.1824231,111.509301,-207.523986,0.331907,-835.667278,846.503683,-10.836406,11021.535914,0,12,2,0,0,12,0,0,False
TSLA,wheel,250,53,9999.999999,8710.323486,-12.8967651313,18.5720319201,32.4250844273,2316.809265,-876.668929,0,-3146.879706,3146.879706,0,32.723818,19.295560892338639536,52,10,0,0,14,38,0,False
TSLA,wheel_premium100,250,53,9999.999999,11417.11131,14.1711131114,18.5720319201,29.7226470571,5281.630039,1767.163207,0,-440.091882,440.091881,0,85.464818,25.197114786452777176,52,10,0,0,14,38,0,False
TSLA,wheel_premium25,250,53,9999.999999,7609.437705,-23.9056229424,18.5720319201,35.6592232699,1099.444082,-1949.629104,0,-4247.765487,4247.765486,0,20.048042,16.875810821928022931,52,10,0,0,14,38,0,False
